S1001,Bookcases & Shelving Units
S1002,Storage solution systems
S1003,Display Cabinets & storage systems
S1004,"TV Console, Stands & Cabinet"
S1005,Chest of Drawers & Drawer Units
S1006,Wardrobes
S1007,Small Storage
S1008,Garage storage
S1009,"Sideboards, buffets & console tables"
S1010,Outdoor organising
S1011,Wall shelves & organisation
S1012,Clothes & Shoe Racks
S1013,Trolleys & kitchen islands
S1014,Bags & Organisers
S1015,Moving supplies
S1016,Children's Storage Furniture
S1017,Gaming furniture
S1018,Sofas
S1019,Furniture sets
S1020,Bed Frames
S1021,Tables & desks
S1022,"Chairs, Stools & Benches"
S1023,Outdoor furniture
S1024,Children's Furniture
S1025,Room dividers
S1026,Bar Tables & Chairs
S1027,Armchairs & Chaise Longues
S1028,Cafe Furniture
S1029,Nursery furniture
S1030,Dining furniture
S1031,Toy storage
S1032,Kitchen Doors & Drawer Fronts
S1033,Kitchen Furniture: Cabinets
S1034,"METOD, ENHET & KNOXHULT Kitchen Furniture"
S1035,Interior Fittings and accessories
S1036,Metal & storage racks
S1037,Kitchen Rack & Wall Storage
S1038,Kitchen Table Top & Countertops
S1039,Kitchen appliances
S1040,Kitchen Islands & Trolleys
S1041,Door Handles & Door Knobs
S1042,Kitchen LED and Cabinet Lighting Online
S1043,Kitchen Sinks and Taps
S1044,Splashbacks & wall panels for METHOD
S1045,Kitchen Units
S1046,"Dinnerware, Plates & Bowls"
S1047,Serveware
S1048,Coffee & Tea
S1049,"Tablecloth, Table Mat & Fabric"
S1050,Cookware
S1051,Glassware & jugs
S1052,Cooking & Baking utensils
S1053,Dishwashing Accessories
S1054,Cutlery & eating utensils
S1055,Kitchen Knife & Chopping Board
S1056,Baking Equipment
S1057,"Kitchen Textiles: Tea Towels, Aprons & Oven Gloves"
S1058,Napkins & napkin holders
S1059,Children's Kitchenware & Tablewar
S1060,Picnic & outdoor recreation
S1061,Frames & Pictures
S1062,Plants & flowers
S1063,"Storage Racks, Shelves & Shelving Unit"
S1064,Flower Pots & Planters
S1065,Mirrors
S1066,Candles & Candle Holders
S1067,"Flower Vase, Bowls & Plants"
S1068,Noticeboards
S1069,Decorative Accessories
S1070,Desk organiser & gift boxes
S1071,Alarm Clocks & Wall Clock
S1072,Scents & Home Fragrance
S1073,Winter decoration
S1074,Lamps
S1075,Decorative Lighting
S1076,LED Spotlights & Integrated Lightings
S1077,Small Lighting & Improvement
S1078,Outdoor lighting
S1079,Bathroom Lights
S1080,LED bulbs
S1081,Bed Textiles
S1082,Foam & spring mattresses
S1083,Bedside Table & Cabinets
S1084,Mattress bases
S1085,Bed Headboards
S1086,Under bed storage
S1087,Bed Slats Bases
S1088,Bed Legs
S1089,Beds with mattresses included
S1090,Children
S1091,"Baby Furniture, Toys and Textiles"
S1092,Bathroom systems
S1093,Bathroom Vanity Cabinet
S1094,Bathroom Storage
S1095,Bathroom Mirrors
S1096,Bathroom Accessories & Organiser
S1097,Bathroom Laundry
S1098,Bathroom Textiles
S1099,Bathroom Furniture Sets
S1100,Wash Basin & Bathroom Sink
S1101,Showers
S1102,Bathroom Taps
S1103,Parasols & gazebos
S1104,Outdoor kitchen & accessories
S1105,Outdoor pots & plants
S1106,Outdoor textiles & accessories
S1107,Outdoor rugs
S1108,Outdoor flooring
S1109,Rugs
S1110,Door Mats
S1111,Bathroom Mats
S1112,Plant stands & movers
S1113,Growing Accessories
S1114,Watering cans
S1115,Waste bins & bags
S1116,Laundry cabinets & shelving
S1117,Laundry baskets
S1118,Laundry accressories
S1119,Cleaning Accessories
S1120,Drying racks
S1121,Ironing Boards
S1122,Waste sorting
S1123,Cables & Chargers
S1124,Electric Blinds
S1125,Mobile & tablet accessories
S1126,Speakers
S1127,Air purifiers & filters
S1128,Cable Management & Accessories
S1129,Smart light switches & remote controls
S1130,SKYTTA sliding door system
S1131,Tools & fittings
S1132,Moving suppliers
S1133,Splashbacks & wall panels for METOD
S1134,Acoustic Panels & Acoustic Arts
S1135,Safety products
S1136,"Curtains, Curtain Rods & Blinds"
S1137,Cushions & Cushion Covers
S1138,Children's Textile
S1139,Outdoor cushions
S1140,Blankets & Throws
S1141,Fabrics & sewing
S1142,Baby Products: Nursery Textiles
S1143,Clothing & accessories
S1144,Chair Pads
S1145,Lumbar support
S1146,Smart air purifiers
